"ref.epitope",".metric","combined.estimate","structure.estimate","sequence.estimate"
"GILGFVFTL","accuracy",0.675503711558855,0.655355249204666,0.674973488865323
"GILGFVFTL","kap",0.18901554753634,0.164205439516536,0.185200063711415
"GILGFVFTL","sens",0.697247706422018,0.678899082568807,0.688073394495413
"GILGFVFTL","spec",0.672661870503597,0.652278177458034,0.67326139088729
"GILGFVFTL","precision",0.217765042979943,0.203296703296703,0.215827338129496
"GILGFVFTL","recall",0.697247706422018,0.678899082568807,0.688073394495413
"GILGFVFTL","bal_accuracy",0.684954788462808,0.665588630013421,0.680667392691352
"GILGFVFTL","f_meas",0.252491694352159,0.236421725239617,0.250166777851901
"GILGFVFTL","roc_auc",0.781491320704904,0.721916045145535,0.786405737795085
"GILGFVFTL","mn_log_loss",0.647489729518857,0.661738106839518,0.648855643112322
"GILGFVFTL_YVLDHLIVV","accuracy",0.64424778761062,0.6,0.642477876106195
"GILGFVFTL_YVLDHLIVV","kap",0.130213339562598,0.0852529362671529,0.122093805888348
"GILGFVFTL_YVLDHLIVV","sens",0.424028268551237,0.448763250883392,0.413427561837456
"GILGFVFTL_YVLDHLIVV","spec",0.717827626918536,0.650531286894923,0.71900826446281
"GILGFVFTL_YVLDHLIVV","precision",0.334261838440111,0.300236406619385,0.329577464788732
"GILGFVFTL_YVLDHLIVV","recall",0.424028268551237,0.448763250883392,0.413427561837456
"GILGFVFTL_YVLDHLIVV","bal_accuracy",0.570927947734886,0.549647268889158,0.566217913150133
"GILGFVFTL_YVLDHLIVV","f_meas",0.349040139616056,0.321518987341772,0.343511450381679
"GILGFVFTL_YVLDHLIVV","roc_auc",0.597740518395835,0.568216236060759,0.601979132335702
"GILGFVFTL_YVLDHLIVV","mn_log_loss",0.662181869532159,0.686149852857643,0.66155807619973
"GLCTLVAML","accuracy",0.673647469458988,0.685282140779523,0.671902268760908
"GLCTLVAML","kap",0.112654595041733,0.118584357646738,0.110901207577069
"GLCTLVAML","sens",0.456,0.444,0.456
"GLCTLVAML","spec",0.71068754254595,0.726344452008169,0.708645336963921
"GLCTLVAML","precision",0.211502782931354,0.216374269005848,0.210332103321033
"GLCTLVAML","recall",0.456,0.444,0.456
"GLCTLVAML","bal_accuracy",0.583343771272975,0.585172226004084,0.582322668481961
"GLCTLVAML","f_meas",0.236907730673317,0.241094700260643,0.235732009925558
"GLCTLVAML","roc_auc",0.637933287950987,0.614880871341048,0.634683458134786
"GLCTLVAML","mn_log_loss",0.637866311325983,0.654407431303436,0.64147287975443
"RPIIRPATL","accuracy",0.601618705035971,0.594424460431655,0.610611510791367
"RPIIRPATL","kap",0.0429660483513752,0.0113938323490218,0.0554679346845256
"RPIIRPATL","sens",0.390243902439024,0.349593495934959,0.394308943089431
"RPIIRPATL","spec",0.661662817551963,0.663972286374134,0.672055427251732
"RPIIRPATL","precision",0.246786632390745,0.228116710875332,0.254593175853018
"RPIIRPATL","recall",0.390243902439024,0.349593495934959,0.394308943089431
"RPIIRPATL","bal_accuracy",0.525953359995494,0.506782891154547,0.533182185170581
"RPIIRPATL","f_meas",0.266370699223085,0.24515393386545,0.274011299435028
"RPIIRPATL","roc_auc",0.546757355564318,0.544058281229464,0.541788711767025
"RPIIRPATL","mn_log_loss",0.678204171071955,0.681409651933982,0.681210032209836
"YLQPRTFLL","accuracy",0.615691489361702,0.558510638297872,0.610372340425532
"YLQPRTFLL","kap",0.113424603886885,-0.000970243202283561,0.0788320679621393
"YLQPRTFLL","sens",0.436018957345972,0.364928909952607,0.383886255924171
"YLQPRTFLL","spec",0.685767097966728,0.634011090573013,0.698706099815157
"YLQPRTFLL","precision",0.351145038167939,0.28,0.331967213114754
"YLQPRTFLL","recall",0.436018957345972,0.364928909952607,0.383886255924171
"YLQPRTFLL","bal_accuracy",0.56089302765635,0.49947000026281,0.541296177869664
"YLQPRTFLL","f_meas",0.365369340746624,0.293668954996186,0.341196293176074
"YLQPRTFLL","roc_auc",0.588071939799038,0.512093630366795,0.579819712486093
"YLQPRTFLL","mn_log_loss",0.667493336901144,0.691996390222323,0.670668740486048
"YVLDHLIVV","accuracy",0.650793650793651,0.619047619047619,0.648809523809524
"YVLDHLIVV","kap",0.0237073235158158,0.00858553777431725,0.0233413619443836
"YVLDHLIVV","sens",0.545454545454545,0.454545454545455,0.545454545454545
"YVLDHLIVV","spec",0.653144016227181,0.622718052738337,0.651115618661258
"YVLDHLIVV","precision",0.0338983050847458,0.0261780104712042,0.0337078651685393
"YVLDHLIVV","recall",0.545454545454545,0.454545454545455,0.545454545454545
"YVLDHLIVV","bal_accuracy",0.599299280840863,0.538631753641896,0.598285082057902
"YVLDHLIVV","f_meas",0.0417246175243394,0.032258064516129,0.04149377593361
"YVLDHLIVV","roc_auc",0.718605937672875,0.636363636363636,0.709293748847501
"YVLDHLIVV","mn_log_loss",0.667005106197875,0.684734895269999,0.669051950850607
