"epitope",".metric","combined.estimate","structure.estimate","sequence.estimate"
"GILGFVFTL","accuracy",0.612517916865743,0.654085045389393,0.557095078834209
"GILGFVFTL","kap",0.156852011998826,0.192989332751064,0.105817316222812
"GILGFVFTL","sens",0.609411764705882,0.583529411764706,0.621176470588235
"GILGFVFTL","spec",0.613309352517986,0.672062350119904,0.540767386091127
"GILGFVFTL","f_meas",0.389766741911211,0.40655737704918,0.362886597938144
"GILGFVFTL","precision",0.286504424778761,0.311949685534591,0.25631067961165
"GILGFVFTL","recall",0.609411764705882,0.583529411764706,0.621176470588235
"GILGFVFTL","bal_accuracy",0.611360558611934,0.627795880942305,0.580971928339681
"GILGFVFTL","roc_auc",0.673877838905346,0.654191000141064,0.646099590915503
"GILGFVFTL","pr_auc",0.491910172896135,0.452121787550759,0.464820801476616
"GILGFVFTL","mn_log_loss",0.658265423856416,0.65976181890031,0.675972197175307
"GILGFVFTL_YVLDHLIVV","accuracy",0.581497797356828,0.592070484581498,0.577092511013216
"GILGFVFTL_YVLDHLIVV","kap",0.0597733864202763,0.0708449660786493,0.0489490957335381
"GILGFVFTL_YVLDHLIVV","sens",0.440972222222222,0.4375,0.430555555555556
"GILGFVFTL_YVLDHLIVV","spec",0.629279811097993,0.644628099173554,0.626918536009445
"GILGFVFTL_YVLDHLIVV","f_meas",0.348422496570645,0.352447552447552,0.340659340659341
"GILGFVFTL_YVLDHLIVV","precision",0.287981859410431,0.295081967213115,0.281818181818182
"GILGFVFTL_YVLDHLIVV","recall",0.440972222222222,0.4375,0.430555555555556
"GILGFVFTL_YVLDHLIVV","bal_accuracy",0.535126016660108,0.541064049586777,0.5287370457825
"GILGFVFTL_YVLDHLIVV","roc_auc",0.555949101403647,0.563820018365473,0.528636609602519
"GILGFVFTL_YVLDHLIVV","pr_auc",0.327124177563438,0.31041201558474,0.323312028931337
"GILGFVFTL_YVLDHLIVV","mn_log_loss",0.677778587540316,0.684980669929813,0.679889947041954
"GLCTLVAML","accuracy",0.664921465968586,0.694008144269924,0.596858638743455
"GLCTLVAML","kap",0.109894910957488,0.127909399196769,0.0526334624569863
"GLCTLVAML","sens",0.468,0.444,0.472
"GLCTLVAML","spec",0.698434309053778,0.736555479918312,0.618107556160653
"GLCTLVAML","f_meas",0.288888888888889,0.296791443850267,0.254036598493003
"GLCTLVAML","precision",0.208928571428571,0.22289156626506,0.173784977908689
"GLCTLVAML","recall",0.468,0.444,0.472
"GLCTLVAML","bal_accuracy",0.583217154526889,0.590277739959156,0.545053778080327
"GLCTLVAML","roc_auc",0.622774676650783,0.611874744724302,0.562702518720218
"GLCTLVAML","pr_auc",0.305731662733246,0.31807508850945,0.1995547611547
"GLCTLVAML","mn_log_loss",0.637961401539271,0.651887727077179,0.662020465010387
"RPIIRPATL","accuracy",0.576438848920863,0.600719424460432,0.544064748201439
"RPIIRPATL","kap",0.0314735230374354,0.0110249342990832,0.0529922799379169
"RPIIRPATL","sens",0.41869918699187,0.33739837398374,0.524390243902439
"RPIIRPATL","spec",0.621247113163972,0.675519630484988,0.549653579676674
"RPIIRPATL","f_meas",0.304283604135894,0.272131147540984,0.337254901960784
"RPIIRPATL","precision",0.238979118329466,0.228021978021978,0.248554913294798
"RPIIRPATL","recall",0.41869918699187,0.33739837398374,0.524390243902439
"RPIIRPATL","bal_accuracy",0.519973150077921,0.506459002234364,0.537021911789557
"RPIIRPATL","roc_auc",0.55741283163409,0.538861976379579,0.573069809797405
"RPIIRPATL","pr_auc",0.285402276288199,0.247699982140448,0.282415982921605
"RPIIRPATL","mn_log_loss",0.677506444501641,0.682570264867603,0.683761389014891
"YLQPRTFLL","accuracy",0.589095744680851,0.558510638297872,0.607712765957447
"YLQPRTFLL","kap",0.116310201101342,-0.0116783233785283,0.179014995633058
"YLQPRTFLL","sens",0.516587677725118,0.345971563981043,0.601895734597156
"YLQPRTFLL","spec",0.617375231053604,0.641404805914972,0.609981515711645
"YLQPRTFLL","f_meas",0.413662239089184,0.305439330543933,0.462659380692168
"YLQPRTFLL","precision",0.34493670886076,0.273408239700375,0.375739644970414
"YLQPRTFLL","recall",0.516587677725118,0.345971563981043,0.601895734597156
"YLQPRTFLL","bal_accuracy",0.566981454389361,0.493688184948007,0.605938625154401
"YLQPRTFLL","roc_auc",0.592206813781745,0.509018755858468,0.61609622342336
"YLQPRTFLL","pr_auc",0.375917434193449,0.298746155622842,0.433661317015109
"YLQPRTFLL","mn_log_loss",0.672439878996956,0.691888550929686,0.668499461075929
"YVLDHLIVV","accuracy",0.623815967523681,0.638700947225981,0.591339648173207
"YVLDHLIVV","kap",0.0874030508444461,0.0901490802949328,0.0763570447133611
"YVLDHLIVV","sens",0.653846153846154,0.634615384615385,0.673076923076923
"YVLDHLIVV","spec",0.621542940320233,0.63901018922853,0.585152838427948
"YVLDHLIVV","f_meas",0.196531791907514,0.198198198198198,0.188172043010753
"YVLDHLIVV","precision",0.115646258503401,0.117437722419929,0.109375
"YVLDHLIVV","recall",0.653846153846154,0.634615384615385,0.673076923076923
"YVLDHLIVV","bal_accuracy",0.637694547083193,0.636812786921957,0.629114880752435
"YVLDHLIVV","roc_auc",0.651606762960475,0.642481245101332,0.650109170305677
"YVLDHLIVV","pr_auc",0.143344304380521,0.121608590790526,0.123485916907767
"YVLDHLIVV","mn_log_loss",0.675220363575559,0.680862968794074,0.677041930560182
