"ref.epitope","samp.epitope","type","total.kernels","total.receptor.pairs","total.ref.receptors","total.samp.receptors","avg.kernels.per.receptor.pair","avg.distance.per.receptor.pair","avg.top.kdist.per.receptor.pair","avg.kdist.per.receptor.pair","avg.corr.per.receptor.pair","avg.subgraph.distance","avg.subgraph.shape.sim","match.epitope"
"GILGFVFTL","GILGFVFTL","Decoy receptor pairs",12413,1804,47,84,6.88082039911308,6.07686343241513,0.19268073059867,-0.0768555328239071,0.730659557310688,3.42875124168899,0.99095758989804,"Decoy"
"GILGFVFTL","GILGFVFTL","True receptor pairs",8523,849,42,42,10.0388692579505,4.46781159548062,0.279842892815077,-0.0282724219750252,0.756699727078321,2.57630625143232,0.992932748920193,"True positive"
"GILGFVFTL","GILGFVFTL_YVLDHLIVV","True receptor pairs",160,20,1,20,8,5.24382690889498,0.2160332,-0.0522340671907994,0.743708178445288,3.75938747083862,0.994365641131134,"True positive"
"GILGFVFTL","GLCTLVAML","Unlikely receptor pairs",9939,1534,43,48,6.47913950456323,6.61473071089129,0.145871931551499,-0.0942628741026637,0.730272784093324,3.89420166839548,0.990083902544704,"GLCTLVAML"
"GILGFVFTL","NLVPMVATV","Unlikely receptor pairs",10018,1494,43,40,6.70548862115127,6.26834784135642,0.169852312583668,-0.0865558008692571,0.731579260053508,3.55389274947081,0.990037560823354,"NLVPMVATV"
"GILGFVFTL","RPIIRPATL","Unlikely receptor pairs",12498,1826,43,47,6.84446878422782,6.27743282075247,0.159605168127054,-0.0879955044589216,0.732526561360808,3.58786667994553,0.990026429807056,"RPIIRPATL"
"GILGFVFTL","YLQPRTFLL","Unlikely receptor pairs",10515,1608,43,43,6.53917910447761,6.75023540891951,0.157029623134328,-0.0907343720592858,0.729495172912417,3.81242488810028,0.990012890168314,"YLQPRTFLL"
"GILGFVFTL","YVLDHLIVV","Unlikely receptor pairs",291,47,38,10,6.19148936170213,6.80725330288914,0.180813553191489,-0.0851653204422646,0.715052384817015,4.03969515092644,0.9892270457015,"YVLDHLIVV"
"GILGFVFTL_YVLDHLIVV","GILGFVFTL","True receptor pairs",6139,784,20,42,7.83035714285714,5.94059105949026,0.200827033163265,-0.0695198536411923,0.737161293273712,3.33294828004378,0.991173775891966,"True positive"
"GILGFVFTL_YVLDHLIVV","GILGFVFTL_YVLDHLIVV","True receptor pairs",1272,172,19,19,7.3953488372093,5.9645587356663,0.210366430232558,-0.0612997163015262,0.73927101019227,3.61662448165293,0.990597065166367,"True positive"
"GILGFVFTL_YVLDHLIVV","GLCTLVAML","Unlikely receptor pairs",5413,831,20,48,6.51383874849579,7.12930898026326,0.157790536702768,-0.0868630830721473,0.729806173349435,4.08522297234282,0.989689950113715,"GLCTLVAML"
"GILGFVFTL_YVLDHLIVV","NLVPMVATV","Unlikely receptor pairs",4783,716,20,40,6.68016759776536,6.65808860420556,0.177646583798883,-0.0801819199971122,0.726352005865271,3.80656014051821,0.989398707868129,"NLVPMVATV"
"GILGFVFTL_YVLDHLIVV","RPIIRPATL","Unlikely receptor pairs",5768,850,20,47,6.78588235294118,6.5530689386277,0.184735196470588,-0.0747995134123837,0.731166822283621,3.70282255973342,0.989818675091648,"RPIIRPATL"
"GILGFVFTL_YVLDHLIVV","YLQPRTFLL","Unlikely receptor pairs",5044,760,20,43,6.63684210526316,6.84713546981345,0.181808443421053,-0.074313878453321,0.731030683005087,3.94453628211654,0.989431445789581,"YLQPRTFLL"
"GILGFVFTL_YVLDHLIVV","YVLDHLIVV","Decoy receptor pairs",5840,834,20,46,7.00239808153477,6.45061113145055,0.192771567146283,-0.0716339720040926,0.732997790687633,3.74421984304532,0.989760747066582,"Decoy"
"GILGFVFTL_YVLDHLIVV","YVLDHLIVV","True receptor pairs",1377,187,20,10,7.36363636363636,6.07654579103939,0.205510219251337,-0.0653009942099344,0.731310784837645,3.45723160210205,0.989834721495947,"True positive"
"GLCTLVAML","GILGFVFTL","Unlikely receptor pairs",2264,352,43,9,6.43181818181818,6.51436626255456,0.134836349431818,-0.102333618775498,0.733403527126612,3.61854009181321,0.990128165408226,"GILGFVFTL"
"GLCTLVAML","GLCTLVAML","Decoy receptor pairs",11236,1773,42,48,6.33728144388043,6.95724048766223,0.152535337281444,-0.0960793443964736,0.722407068061467,4.04349764814575,0.988922335393601,"Decoy"
"GLCTLVAML","GLCTLVAML","True receptor pairs",7944,1024,47,47,7.7578125,5.75481441373436,0.230805240234375,-0.0431672185377174,0.748091654836878,3.28206556291719,0.99141983328181,"True positive"
"GLCTLVAML","NLVPMVATV","Unlikely receptor pairs",10255,1665,48,40,6.15915915915916,7.08449791024217,0.143801859459459,-0.0942177936990635,0.727348238124929,4.08505934222965,0.989250284483113,"NLVPMVATV"
"GLCTLVAML","RPIIRPATL","Unlikely receptor pairs",12133,1959,48,47,6.19346605410924,7.0493353216985,0.145950108728943,-0.0930380339174949,0.729365251474959,4.02211239947905,0.989422467038868,"RPIIRPATL"
"GLCTLVAML","YLQPRTFLL","Unlikely receptor pairs",11309,1782,48,43,6.34624017957351,7.1085985383341,0.163251390572391,-0.0860500740955781,0.730454380077566,3.97736837249009,0.989520727546036,"YLQPRTFLL"
"GLCTLVAML","YVLDHLIVV","Unlikely receptor pairs",199,40,40,1,4.975,7.07268984267048,0.10667045,-0.100612866796537,0.727646280300325,4.52094420361506,0.990471998855521,"YVLDHLIVV"
"NLVPMVATV","GILGFVFTL","Unlikely receptor pairs",435,74,9,9,5.87837837837838,8.03437375886208,0.128633054054054,-0.0953166408053658,0.725594475095288,3.88432522547855,0.987752528923351,"GILGFVFTL"
"NLVPMVATV","GLCTLVAML","Unlikely receptor pairs",251,40,9,5,6.275,6.80845762715739,0.157996925,-0.0748295055636724,0.716429227696609,4.54781136587637,0.990428600328967,"GLCTLVAML"
"NLVPMVATV","NLVPMVATV","Decoy receptor pairs",10983,1599,45,40,6.86866791744841,6.69049182780579,0.174977008130081,-0.0887013789849512,0.725898918335775,3.74522607382785,0.989510717435116,"Decoy"
"NLVPMVATV","NLVPMVATV","True receptor pairs",4464,690,39,39,6.4695652173913,7.08452337152821,0.179297489855072,-0.075915867829619,0.724809951331648,4.00978274443381,0.98904159754584,"True positive"
"NLVPMVATV","RPIIRPATL","Unlikely receptor pairs",10985,1680,40,47,6.53869047619048,6.87452109844725,0.176052571428571,-0.0754089505651964,0.727233193789898,3.861437846781,0.989070847900443,"RPIIRPATL"
"NLVPMVATV","YLQPRTFLL","Unlikely receptor pairs",8426,1318,40,43,6.39301972685888,7.15276879477736,0.177099749620637,-0.0755075528544778,0.72642982298518,3.94433978478572,0.988936936767279,"YLQPRTFLL"
"NLVPMVATV","YVLDHLIVV","Unlikely receptor pairs",229,40,40,1,5.725,6.00617263674939,0.2315677,-0.0774782071329365,0.72845334047619,3.40129183100378,0.988686718936788,"YVLDHLIVV"
"RPIIRPATL","RPIIRPATL","Decoy receptor pairs",12815,1935,46,47,6.62273901808785,6.72151617189843,0.189023639276486,-0.0616127262299079,0.728449428142967,3.84676659376915,0.98914696679294,"Decoy"
"RPIIRPATL","RPIIRPATL","True receptor pairs",6897,977,46,46,7.05936540429887,6.45582219330966,0.196208413510747,-0.0645452780880902,0.733618271816699,3.65473787245868,0.989837642525428,"True positive"
"RPIIRPATL","YLQPRTFLL","Unlikely receptor pairs",9824,1516,47,36,6.4802110817942,6.944103723049,0.179756822559367,-0.0769615011925719,0.730324659945076,3.86066777764491,0.989558406474784,"YLQPRTFLL"
"RPIIRPATL","YVLDHLIVV","Unlikely receptor pairs",302,46,46,1,6.56521739130435,6.72405551790802,0.250350260869565,-0.0486973219720497,0.727995352717391,3.82630953357189,0.989441596940428,"YVLDHLIVV"
"YLQPRTFLL","GILGFVFTL","Unlikely receptor pairs",414,58,7,9,7.13793103448276,5.48303245308452,0.192345086206897,-0.0704534755398816,0.730809206662375,2.96670678531241,0.990621426955026,"GILGFVFTL"
"YLQPRTFLL","GLCTLVAML","Unlikely receptor pairs",252,33,7,5,7.63636363636364,6.07948077623888,0.277186,-0.032223707345096,0.734927925317023,3.60884184375356,0.990557111713451,"GLCTLVAML"
"YLQPRTFLL","NLVPMVATV","Unlikely receptor pairs",1361,195,7,31,6.97948717948718,6.5633028261568,0.242916497435897,-0.040936334881137,0.737958630115199,3.80419343289216,0.989237321872583,"NLVPMVATV"
"YLQPRTFLL","RPIIRPATL","Unlikely receptor pairs",2068,295,7,47,7.01016949152542,6.48416536381699,0.231535922033898,-0.0515605203848035,0.736403005161985,3.54969115719613,0.989231871302354,"RPIIRPATL"
"YLQPRTFLL","YLQPRTFLL","Decoy receptor pairs",11620,1723,45,43,6.74405107370865,6.49730115872194,0.203997277423099,-0.0718254576953876,0.731732631243982,3.64085791377604,0.99007007370554,"Decoy"
"YLQPRTFLL","YLQPRTFLL","True receptor pairs",5654,818,42,41,6.9119804400978,6.80857615122781,0.211343613691932,-0.0596045780514628,0.735525544366491,3.91305075218762,0.988549308383401,"True positive"
"YLQPRTFLL","YVLDHLIVV","Unlikely receptor pairs",235,40,40,1,5.875,7.32700958340877,0.223694475,-0.0400592785714286,0.73686110875,4.37211321696937,0.988035353125472,"YVLDHLIVV"
"YVLDHLIVV","GILGFVFTL","Unlikely receptor pairs",2764,355,9,42,7.78591549295775,5.0940015128642,0.239126991549296,-0.0621660119694871,0.737776041462472,2.84086881089539,0.991050301395332,"GILGFVFTL"
"YVLDHLIVV","GLCTLVAML","Unlikely receptor pairs",2513,388,9,48,6.47680412371134,6.79531461985083,0.160569569587629,-0.0843143607377431,0.729950665776294,4.05202352170219,0.988423084680764,"GLCTLVAML"
"YVLDHLIVV","NLVPMVATV","Unlikely receptor pairs",2265,330,9,40,6.86363636363636,6.41721906077629,0.192254460606061,-0.0750116756658325,0.730289269331107,3.7115311297829,0.988723093026362,"NLVPMVATV"
"YVLDHLIVV","RPIIRPATL","Unlikely receptor pairs",2611,382,9,47,6.83507853403141,6.45097919928377,0.168656172774869,-0.0773709926564782,0.730761347379415,3.72418101690995,0.988773882324065,"RPIIRPATL"
"YVLDHLIVV","YLQPRTFLL","Unlikely receptor pairs",2269,346,9,43,6.55780346820809,6.79895924353954,0.169214156069364,-0.0818002591791943,0.733628105542146,3.90702294518391,0.988044948160429,"YLQPRTFLL"
"YVLDHLIVV","YVLDHLIVV","Decoy receptor pairs",2827,417,48,47,6.77937649880096,6.49034720815035,0.187034052757794,-0.0771867348458764,0.731532770320242,3.62935170429826,0.989396287422268,"Decoy"
"YVLDHLIVV","YVLDHLIVV","True receptor pairs",432,44,9,9,9.81818181818182,4.57400686680042,0.292059909090909,-0.00909089769416727,0.752356665941053,2.68826478788871,0.991760278129056,"True positive"
"GILGFVFTL","Combined","Unlikely receptor pairs",43261,6509,43,188,6.64633584267937,6.54360001696177,0.162634517717608,-0.0889427743864785,0.727785232647414,3.77761622736771,0.989877565808986,"Combined"
"GILGFVFTL_YVLDHLIVV","Combined","Unlikely receptor pairs",21008,3157,20,178,6.65441875197973,6.79690049822749,0.175495190098323,-0.0790395987337411,0.729588921125853,3.88478548867775,0.989584694715768,"Combined"
"GLCTLVAML","Combined","Unlikely receptor pairs",36160,5798,48,140,6.23663332183512,6.96589757509996,0.138902031638522,-0.0952504774568342,0.729643535420878,4.04480488192541,0.989758728666353,"Combined"
"NLVPMVATV","Combined","Unlikely receptor pairs",20326,3152,40,105,6.44860406091371,6.97525878319869,0.174270000020653,-0.0797081713843298,0.724828012008633,3.92784121078508,0.988975126571366,"Combined"
"RPIIRPATL","Combined","Unlikely receptor pairs",10126,1562,47,37,6.48271446862996,6.83407962047851,0.215053541714466,-0.0628294115823108,0.729160006331234,3.8434886556084,0.989500001707606,"Combined"
"YLQPRTFLL","Combined","Unlikely receptor pairs",4330,621,40,93,6.97262479871176,6.38739820054119,0.233535596135338,-0.0470466633444693,0.735391975201316,3.66030928722473,0.989536616993777,"Combined"
"YVLDHLIVV","Combined","Unlikely receptor pairs",12422,1801,9,220,6.89727928928373,6.31129472726293,0.185964270117444,-0.076132660041747,0.732481085898287,3.64712548489487,0.98900306191739,"Combined"
